{
	"parent": "item/handheld",
	"textures": {
		"layer0": "item/diamond_axe"
	},
	"overrides": [
		{ "predicate": {"damaged": 0, "damage": 0}, "model": "item/diamond_axe"},
		{ "_cmd_": "minecraft:give @p minecraft:diamond_axe{Damage:1, Unbreakable:1} 1", "predicate": {"damaged": 0, "damage": 0.00064061499}, "model": "item/guns/ak_47"},
		{ "_cmd_": "minecraft:give @p minecraft:diamond_axe{Damage:2, Unbreakable:1} 1" , "predicate": {"damaged": 0, "damage": 0.00128122998}, "model": "item/guns/de"},
		{ "_cmd_": "minecraft:give @p minecraft:diamond_axe{Damage:3, Unbreakable:1} 1" , "predicate": {"damaged": 0, "damage": 0.00192184497}, "model": "item/guns/awm"},
		{ "_cmd_": "minecraft:give @p minecraft:diamond_axe{Damage:4, Unbreakable:1} 1" , "predicate": {"damaged": 0, "damage": 0.00256245996}, "model": "item/guns/xm1014"},
		{ "_cmd_": "minecraft:give @p minecraft:diamond_axe{Damage:5, Unbreakable:1} 1" , "predicate": {"damaged": 0, "damage": 0.00320307495}, "model": "item/guns/m4a4"},
		{ "predicate": {"damaged": 1, "damage": 0}, "model": "item/diamond_axe"}
	]
}
