{
    "parent": "item/generated",
    "textures": {
        "layer0": "item/stone_sword"
    },
	"overrides": [
		{ "predicate": {"damaged": 0, "damage": 0}, "model": "item/stone_sword"},
		{ "_cmd_": "minecraft:give @p minecraft:stone_sword{Damage:1, Unbreakable:1} 1", "predicate": {"damaged": 0, "damage": 0.00763358778}, "model": "item/misc/medical_kit"},
		{ "_cmd_": "minecraft:give @p minecraft:stone_sword{Damage:2, Unbreakable:1} 1", "predicate": {"damaged": 0, "damage": 0.01526717557}, "model": "item/magazines/green"},
		{ "_cmd_": "minecraft:give @p minecraft:stone_sword{Damage:3, Unbreakable:1} 1", "predicate": {"damaged": 0, "damage": 0.02290076335}, "model": "item/magazines/black"},
		{ "_cmd_": "minecraft:give @p minecraft:stone_sword{Damage:4, Unbreakable:1} 1", "predicate": {"damaged": 0, "damage": 0.03053435114}, "model": "item/misc/syringe"},
		{ "predicate": {"damaged": 1, "damage": 0}, "model": "item/stone_sword"}
	]
}
