{
  "bg.guns.ak47": {
    "category": "master",
  	"replace": true,
  	"subtitle": "AK-47 sound",
      "sounds": [
        "bg/guns/ak47"
      ]
  },
  "bg.guns.de": {
    "category": "master",
    "replace": true,
    "subtitle": "Desert Eagle sound",
      "sounds": [
        "bg/guns/de"
      ]
  },
  "bg.guns.awm": {
    "category": "master",
    "replace": true,
    "subtitle": "AWM sound",
      "sounds": [
        "bg/guns/awm"
      ]
  },
  "bg.guns.shotgun": {
    "category": "master",
    "replace": true,
    "subtitle": "Shotgun sound",
      "sounds": [
        "bg/guns/shotgun"
      ]
  }
}
