{"__comment":"Designed by Anhcraft with Cubik Studio - https://cubik.studio","textures":{"voxels_palette":"item/magazines/green"},"elements":[{"__comment":"Voxels-00442A","from":[3.5,8,3],"to":[8.5,8.5,10.5],"faces":{"down":{"uv":[8.96,0.96,11.04,3.04],"texture":"#voxels_palette"},"up":{"uv":[8.96,0.96,11.04,3.04],"texture":"#voxels_palette"},"north":{"uv":[8.96,0.96,11.04,3.04],"texture":"#voxels_palette"},"south":{"uv":[8.96,0.96,11.04,3.04],"texture":"#voxels_palette"},"west":{"uv":[8.96,0.96,11.04,3.04],"texture":"#voxels_palette"},"east":{"uv":[8.96,0.96,11.04,3.04],"texture":"#voxels_palette"}}},{"__comment":"Voxels-00442A","from":[3.5,8.5,3],"to":[4,11.5,4.5],"faces":{"down":{"uv":[8.96,0.96,11.04,3.04],"texture":"#voxels_palette"},"up":{"uv":[8.96,0.96,11.04,3.04],"texture":"#voxels_palette"},"north":{"uv":[8.96,0.96,11.04,3.04],"texture":"#voxels_palette"},"south":{"uv":[8.96,0.96,11.04,3.04],"texture":"#voxels_palette"},"west":{"uv":[8.96,0.96,11.04,3.04],"texture":"#voxels_palette"},"east":{"uv":[8.96,0.96,11.04,3.04],"texture":"#voxels_palette"}}},{"__comment":"Voxels-00442A","from":[3.5,8.5,4.5],"to":[4,9,5],"faces":{"down":{"uv":[8.96,0.96,11.04,3.04],"texture":"#voxels_palette"},"up":{"uv":[8.96,0.96,11.04,3.04],"texture":"#voxels_palette"},"north":{"uv":[8.96,0.96,11.04,3.04],"texture":"#voxels_palette"},"south":{"uv":[8.96,0.96,11.04,3.04],"texture":"#voxels_palette"},"west":{"uv":[8.96,0.96,11.04,3.04],"texture":"#voxels_palette"},"east":{"uv":[8.96,0.96,11.04,3.04],"texture":"#voxels_palette"}}},{"__comment":"Voxels-00442A","from":[3.5,8.5,8],"to":[4,9,12],"faces":{"down":{"uv":[8.96,0.96,11.04,3.04],"texture":"#voxels_palette"},"up":{"uv":[8.96,0.96,11.04,3.04],"texture":"#voxels_palette"},"north":{"uv":[8.96,0.96,11.04,3.04],"texture":"#voxels_palette"},"south":{"uv":[8.96,0.96,11.04,3.04],"texture":"#voxels_palette"},"west":{"uv":[8.96,0.96,11.04,3.04],"texture":"#voxels_palette"},"east":{"uv":[8.96,0.96,11.04,3.04],"texture":"#voxels_palette"}}},{"__comment":"Voxels-00442A","from":[3.5,9,8.5],"to":[4,11.5,10.5],"faces":{"down":{"uv":[8.96,0.96,11.04,3.04],"texture":"#voxels_palette"},"up":{"uv":[8.96,0.96,11.04,3.04],"texture":"#voxels_palette"},"north":{"uv":[8.96,0.96,11.04,3.04],"texture":"#voxels_palette"},"south":{"uv":[8.96,0.96,11.04,3.04],"texture":"#voxels_palette"},"west":{"uv":[8.96,0.96,11.04,3.04],"texture":"#voxels_palette"},"east":{"uv":[8.96,0.96,11.04,3.04],"texture":"#voxels_palette"}}},{"__comment":"Voxels-00442A","from":[3.5,9,10.5],"to":[4,11,12],"faces":{"down":{"uv":[8.96,0.96,11.04,3.04],"texture":"#voxels_palette"},"up":{"uv":[8.96,0.96,11.04,3.04],"texture":"#voxels_palette"},"north":{"uv":[8.96,0.96,11.04,3.04],"texture":"#voxels_palette"},"south":{"uv":[8.96,0.96,11.04,3.04],"texture":"#voxels_palette"},"west":{"uv":[8.96,0.96,11.04,3.04],"texture":"#voxels_palette"},"east":{"uv":[8.96,0.96,11.04,3.04],"texture":"#voxels_palette"}}},{"__comment":"Voxels-00442A","from":[3.5,10,4.5],"to":[4,11.5,5],"faces":{"down":{"uv":[8.96,0.96,11.04,3.04],"texture":"#voxels_palette"},"up":{"uv":[8.96,0.96,11.04,3.04],"texture":"#voxels_palette"},"north":{"uv":[8.96,0.96,11.04,3.04],"texture":"#voxels_palette"},"south":{"uv":[8.96,0.96,11.04,3.04],"texture":"#voxels_palette"},"west":{"uv":[8.96,0.96,11.04,3.04],"texture":"#voxels_palette"},"east":{"uv":[8.96,0.96,11.04,3.04],"texture":"#voxels_palette"}}},{"__comment":"Voxels-00442A","from":[3.5,10,8],"to":[4,11.5,8.5],"faces":{"down":{"uv":[8.96,0.96,11.04,3.04],"texture":"#voxels_palette"},"up":{"uv":[8.96,0.96,11.04,3.04],"texture":"#voxels_palette"},"north":{"uv":[8.96,0.96,11.04,3.04],"texture":"#voxels_palette"},"south":{"uv":[8.96,0.96,11.04,3.04],"texture":"#voxels_palette"},"west":{"uv":[8.96,0.96,11.04,3.04],"texture":"#voxels_palette"},"east":{"uv":[8.96,0.96,11.04,3.04],"texture":"#voxels_palette"}}},{"__comment":"Voxels-00442A","from":[3.5,10.5,5],"to":[4,11.5,8],"faces":{"down":{"uv":[8.96,0.96,11.04,3.04],"texture":"#voxels_palette"},"up":{"uv":[8.96,0.96,11.04,3.04],"texture":"#voxels_palette"},"north":{"uv":[8.96,0.96,11.04,3.04],"texture":"#voxels_palette"},"south":{"uv":[8.96,0.96,11.04,3.04],"texture":"#voxels_palette"},"west":{"uv":[8.96,0.96,11.04,3.04],"texture":"#voxels_palette"},"east":{"uv":[8.96,0.96,11.04,3.04],"texture":"#voxels_palette"}}},{"__comment":"Voxels-00442A","from":[4,8,2.5],"to":[8,11.5,3],"faces":{"down":{"uv":[8.96,0.96,11.04,3.04],"texture":"#voxels_palette"},"up":{"uv":[8.96,0.96,11.04,3.04],"texture":"#voxels_palette"},"north":{"uv":[8.96,0.96,11.04,3.04],"texture":"#voxels_palette"},"south":{"uv":[8.96,0.96,11.04,3.04],"texture":"#voxels_palette"},"west":{"uv":[8.96,0.96,11.04,3.04],"texture":"#voxels_palette"},"east":{"uv":[8.96,0.96,11.04,3.04],"texture":"#voxels_palette"}}},{"__comment":"Voxels-00442A","from":[4,8,10.5],"to":[8,8.5,12],"faces":{"down":{"uv":[8.96,0.96,11.04,3.04],"texture":"#voxels_palette"},"up":{"uv":[8.96,0.96,11.04,3.04],"texture":"#voxels_palette"},"north":{"uv":[8.96,0.96,11.04,3.04],"texture":"#voxels_palette"},"south":{"uv":[8.96,0.96,11.04,3.04],"texture":"#voxels_palette"},"west":{"uv":[8.96,0.96,11.04,3.04],"texture":"#voxels_palette"},"east":{"uv":[8.96,0.96,11.04,3.04],"texture":"#voxels_palette"}}},{"__comment":"Voxels-00442A","from":[4,8.5,5],"to":[4.5,10.5,8],"faces":{"down":{"uv":[8.96,0.96,11.04,3.04],"texture":"#voxels_palette"},"up":{"uv":[8.96,0.96,11.04,3.04],"texture":"#voxels_palette"},"north":{"uv":[8.96,0.96,11.04,3.04],"texture":"#voxels_palette"},"south":{"uv":[8.96,0.96,11.04,3.04],"texture":"#voxels_palette"},"west":{"uv":[8.96,0.96,11.04,3.04],"texture":"#voxels_palette"},"east":{"uv":[8.96,0.96,11.04,3.04],"texture":"#voxels_palette"}}},{"__comment":"Voxels-666666","from":[4,8.5,8.5],"to":[8,9,9],"faces":{"down":{"uv":[12.96,0.96,15.04,3.04],"texture":"#voxels_palette"},"up":{"uv":[12.96,0.96,15.04,3.04],"texture":"#voxels_palette"},"north":{"uv":[12.96,0.96,15.04,3.04],"texture":"#voxels_palette"},"south":{"uv":[12.96,0.96,15.04,3.04],"texture":"#voxels_palette"},"west":{"uv":[12.96,0.96,15.04,3.04],"texture":"#voxels_palette"},"east":{"uv":[12.96,0.96,15.04,3.04],"texture":"#voxels_palette"}}},{"__comment":"Voxels-00442A","from":[4,8.5,12],"to":[4.5,11,14],"faces":{"down":{"uv":[8.96,0.96,11.04,3.04],"texture":"#voxels_palette"},"up":{"uv":[8.96,0.96,11.04,3.04],"texture":"#voxels_palette"},"north":{"uv":[8.96,0.96,11.04,3.04],"texture":"#voxels_palette"},"south":{"uv":[8.96,0.96,11.04,3.04],"texture":"#voxels_palette"},"west":{"uv":[8.96,0.96,11.04,3.04],"texture":"#voxels_palette"},"east":{"uv":[8.96,0.96,11.04,3.04],"texture":"#voxels_palette"}}},{"__comment":"Voxels-00442A","from":[4,9,4.5],"to":[4.5,10,5],"faces":{"down":{"uv":[8.96,0.96,11.04,3.04],"texture":"#voxels_palette"},"up":{"uv":[8.96,0.96,11.04,3.04],"texture":"#voxels_palette"},"north":{"uv":[8.96,0.96,11.04,3.04],"texture":"#voxels_palette"},"south":{"uv":[8.96,0.96,11.04,3.04],"texture":"#voxels_palette"},"west":{"uv":[8.96,0.96,11.04,3.04],"texture":"#voxels_palette"},"east":{"uv":[8.96,0.96,11.04,3.04],"texture":"#voxels_palette"}}},{"__comment":"Voxels-00442A","from":[4,9,8],"to":[4.5,10,8.5],"faces":{"down":{"uv":[8.96,0.96,11.04,3.04],"texture":"#voxels_palette"},"up":{"uv":[8.96,0.96,11.04,3.04],"texture":"#voxels_palette"},"north":{"uv":[8.96,0.96,11.04,3.04],"texture":"#voxels_palette"},"south":{"uv":[8.96,0.96,11.04,3.04],"texture":"#voxels_palette"},"west":{"uv":[8.96,0.96,11.04,3.04],"texture":"#voxels_palette"},"east":{"uv":[8.96,0.96,11.04,3.04],"texture":"#voxels_palette"}}},{"__comment":"Voxels-224400","from":[4,11,3],"to":[4.5,12,3.5],"faces":{"down":{"uv":[4.96,0.96,7.04,3.04],"texture":"#voxels_palette"},"up":{"uv":[4.96,0.96,7.04,3.04],"texture":"#voxels_palette"},"north":{"uv":[4.96,0.96,7.04,3.04],"texture":"#voxels_palette"},"south":{"uv":[4.96,0.96,7.04,3.04],"texture":"#voxels_palette"},"west":{"uv":[4.96,0.96,7.04,3.04],"texture":"#voxels_palette"},"east":{"uv":[4.96,0.96,7.04,3.04],"texture":"#voxels_palette"}}},{"__comment":"Voxels-00442A","from":[4,11,5.5],"to":[4.5,11.5,12],"faces":{"down":{"uv":[8.96,0.96,11.04,3.04],"texture":"#voxels_palette"},"up":{"uv":[8.96,0.96,11.04,3.04],"texture":"#voxels_palette"},"north":{"uv":[8.96,0.96,11.04,3.04],"texture":"#voxels_palette"},"south":{"uv":[8.96,0.96,11.04,3.04],"texture":"#voxels_palette"},"west":{"uv":[8.96,0.96,11.04,3.04],"texture":"#voxels_palette"},"east":{"uv":[8.96,0.96,11.04,3.04],"texture":"#voxels_palette"}}},{"__comment":"Voxels-224400","from":[4,12,2],"to":[8,12.5,3],"faces":{"down":{"uv":[4.96,0.96,7.04,3.04],"texture":"#voxels_palette"},"up":{"uv":[4.96,0.96,7.04,3.04],"texture":"#voxels_palette"},"north":{"uv":[4.96,0.96,7.04,3.04],"texture":"#voxels_palette"},"south":{"uv":[4.96,0.96,7.04,3.04],"texture":"#voxels_palette"},"west":{"uv":[4.96,0.96,7.04,3.04],"texture":"#voxels_palette"},"east":{"uv":[4.96,0.96,7.04,3.04],"texture":"#voxels_palette"}}},{"__comment":"Voxels-224400","from":[4,12.5,1],"to":[8,13,2],"faces":{"down":{"uv":[4.96,0.96,7.04,3.04],"texture":"#voxels_palette"},"up":{"uv":[4.96,0.96,7.04,3.04],"texture":"#voxels_palette"},"north":{"uv":[4.96,0.96,7.04,3.04],"texture":"#voxels_palette"},"south":{"uv":[4.96,0.96,7.04,3.04],"texture":"#voxels_palette"},"west":{"uv":[4.96,0.96,7.04,3.04],"texture":"#voxels_palette"},"east":{"uv":[4.96,0.96,7.04,3.04],"texture":"#voxels_palette"}}},{"__comment":"Voxels-00442A","from":[4.5,8,12],"to":[7.5,8.5,14],"faces":{"down":{"uv":[8.96,0.96,11.04,3.04],"texture":"#voxels_palette"},"up":{"uv":[8.96,0.96,11.04,3.04],"texture":"#voxels_palette"},"north":{"uv":[8.96,0.96,11.04,3.04],"texture":"#voxels_palette"},"south":{"uv":[8.96,0.96,11.04,3.04],"texture":"#voxels_palette"},"west":{"uv":[8.96,0.96,11.04,3.04],"texture":"#voxels_palette"},"east":{"uv":[8.96,0.96,11.04,3.04],"texture":"#voxels_palette"}}},{"__comment":"Voxels-666666","from":[4.5,8.5,5.5],"to":[7.5,9,6],"faces":{"down":{"uv":[12.96,0.96,15.04,3.04],"texture":"#voxels_palette"},"up":{"uv":[12.96,0.96,15.04,3.04],"texture":"#voxels_palette"},"north":{"uv":[12.96,0.96,15.04,3.04],"texture":"#voxels_palette"},"south":{"uv":[12.96,0.96,15.04,3.04],"texture":"#voxels_palette"},"west":{"uv":[12.96,0.96,15.04,3.04],"texture":"#voxels_palette"},"east":{"uv":[12.96,0.96,15.04,3.04],"texture":"#voxels_palette"}}},{"__comment":"Voxels-666666","from":[4.5,8.5,6.5],"to":[7.5,9,7],"faces":{"down":{"uv":[12.96,0.96,15.04,3.04],"texture":"#voxels_palette"},"up":{"uv":[12.96,0.96,15.04,3.04],"texture":"#voxels_palette"},"north":{"uv":[12.96,0.96,15.04,3.04],"texture":"#voxels_palette"},"south":{"uv":[12.96,0.96,15.04,3.04],"texture":"#voxels_palette"},"west":{"uv":[12.96,0.96,15.04,3.04],"texture":"#voxels_palette"},"east":{"uv":[12.96,0.96,15.04,3.04],"texture":"#voxels_palette"}}},{"__comment":"Voxels-666666","from":[4.5,8.5,7.5],"to":[7.5,9,8],"faces":{"down":{"uv":[12.96,0.96,15.04,3.04],"texture":"#voxels_palette"},"up":{"uv":[12.96,0.96,15.04,3.04],"texture":"#voxels_palette"},"north":{"uv":[12.96,0.96,15.04,3.04],"texture":"#voxels_palette"},"south":{"uv":[12.96,0.96,15.04,3.04],"texture":"#voxels_palette"},"west":{"uv":[12.96,0.96,15.04,3.04],"texture":"#voxels_palette"},"east":{"uv":[12.96,0.96,15.04,3.04],"texture":"#voxels_palette"}}},{"__comment":"Voxels-00442A","from":[4.5,8.5,14],"to":[5,11,15],"faces":{"down":{"uv":[8.96,0.96,11.04,3.04],"texture":"#voxels_palette"},"up":{"uv":[8.96,0.96,11.04,3.04],"texture":"#voxels_palette"},"north":{"uv":[8.96,0.96,11.04,3.04],"texture":"#voxels_palette"},"south":{"uv":[8.96,0.96,11.04,3.04],"texture":"#voxels_palette"},"west":{"uv":[8.96,0.96,11.04,3.04],"texture":"#voxels_palette"},"east":{"uv":[8.96,0.96,11.04,3.04],"texture":"#voxels_palette"}}},{"__comment":"Voxels-666666","from":[4.5,9,6],"to":[7.5,9.5,6.5],"faces":{"down":{"uv":[12.96,0.96,15.04,3.04],"texture":"#voxels_palette"},"up":{"uv":[12.96,0.96,15.04,3.04],"texture":"#voxels_palette"},"north":{"uv":[12.96,0.96,15.04,3.04],"texture":"#voxels_palette"},"south":{"uv":[12.96,0.96,15.04,3.04],"texture":"#voxels_palette"},"west":{"uv":[12.96,0.96,15.04,3.04],"texture":"#voxels_palette"},"east":{"uv":[12.96,0.96,15.04,3.04],"texture":"#voxels_palette"}}},{"__comment":"Voxels-666666","from":[4.5,9,8],"to":[7.5,9.5,8.5],"faces":{"down":{"uv":[12.96,0.96,15.04,3.04],"texture":"#voxels_palette"},"up":{"uv":[12.96,0.96,15.04,3.04],"texture":"#voxels_palette"},"north":{"uv":[12.96,0.96,15.04,3.04],"texture":"#voxels_palette"},"south":{"uv":[12.96,0.96,15.04,3.04],"texture":"#voxels_palette"},"west":{"uv":[12.96,0.96,15.04,3.04],"texture":"#voxels_palette"},"east":{"uv":[12.96,0.96,15.04,3.04],"texture":"#voxels_palette"}}},{"__comment":"Voxels-00442A","from":[4.5,11,6.5],"to":[5,11.5,8.5],"faces":{"down":{"uv":[8.96,0.96,11.04,3.04],"texture":"#voxels_palette"},"up":{"uv":[8.96,0.96,11.04,3.04],"texture":"#voxels_palette"},"north":{"uv":[8.96,0.96,11.04,3.04],"texture":"#voxels_palette"},"south":{"uv":[8.96,0.96,11.04,3.04],"texture":"#voxels_palette"},"west":{"uv":[8.96,0.96,11.04,3.04],"texture":"#voxels_palette"},"east":{"uv":[8.96,0.96,11.04,3.04],"texture":"#voxels_palette"}}},{"__comment":"Voxels-00442A","from":[4.5,11,11.5],"to":[5,11.5,14],"faces":{"down":{"uv":[8.96,0.96,11.04,3.04],"texture":"#voxels_palette"},"up":{"uv":[8.96,0.96,11.04,3.04],"texture":"#voxels_palette"},"north":{"uv":[8.96,0.96,11.04,3.04],"texture":"#voxels_palette"},"south":{"uv":[8.96,0.96,11.04,3.04],"texture":"#voxels_palette"},"west":{"uv":[8.96,0.96,11.04,3.04],"texture":"#voxels_palette"},"east":{"uv":[8.96,0.96,11.04,3.04],"texture":"#voxels_palette"}}},{"__comment":"Voxels-224400","from":[4.5,11.5,3],"to":[8,12,3.5],"faces":{"down":{"uv":[4.96,0.96,7.04,3.04],"texture":"#voxels_palette"},"up":{"uv":[4.96,0.96,7.04,3.04],"texture":"#voxels_palette"},"north":{"uv":[4.96,0.96,7.04,3.04],"texture":"#voxels_palette"},"south":{"uv":[4.96,0.96,7.04,3.04],"texture":"#voxels_palette"},"west":{"uv":[4.96,0.96,7.04,3.04],"texture":"#voxels_palette"},"east":{"uv":[4.96,0.96,7.04,3.04],"texture":"#voxels_palette"}}},{"__comment":"Voxels-00442A","from":[4.5,11.5,8.5],"to":[7.5,12,11.5],"faces":{"down":{"uv":[8.96,0.96,11.04,3.04],"texture":"#voxels_palette"},"up":{"uv":[8.96,0.96,11.04,3.04],"texture":"#voxels_palette"},"north":{"uv":[8.96,0.96,11.04,3.04],"texture":"#voxels_palette"},"south":{"uv":[8.96,0.96,11.04,3.04],"texture":"#voxels_palette"},"west":{"uv":[8.96,0.96,11.04,3.04],"texture":"#voxels_palette"},"east":{"uv":[8.96,0.96,11.04,3.04],"texture":"#voxels_palette"}}},{"__comment":"Voxels-224400","from":[4.5,12.5,0],"to":[7.5,13,1],"faces":{"down":{"uv":[4.96,0.96,7.04,3.04],"texture":"#voxels_palette"},"up":{"uv":[4.96,0.96,7.04,3.04],"texture":"#voxels_palette"},"north":{"uv":[4.96,0.96,7.04,3.04],"texture":"#voxels_palette"},"south":{"uv":[4.96,0.96,7.04,3.04],"texture":"#voxels_palette"},"west":{"uv":[4.96,0.96,7.04,3.04],"texture":"#voxels_palette"},"east":{"uv":[4.96,0.96,7.04,3.04],"texture":"#voxels_palette"}}},{"__comment":"Voxels-00442A","from":[5,8,14],"to":[7,8.5,15],"faces":{"down":{"uv":[8.96,0.96,11.04,3.04],"texture":"#voxels_palette"},"up":{"uv":[8.96,0.96,11.04,3.04],"texture":"#voxels_palette"},"north":{"uv":[8.96,0.96,11.04,3.04],"texture":"#voxels_palette"},"south":{"uv":[8.96,0.96,11.04,3.04],"texture":"#voxels_palette"},"west":{"uv":[8.96,0.96,11.04,3.04],"texture":"#voxels_palette"},"east":{"uv":[8.96,0.96,11.04,3.04],"texture":"#voxels_palette"}}},{"__comment":"Voxels-00442A","from":[5,8.5,15],"to":[7,10.5,15.5],"faces":{"down":{"uv":[8.96,0.96,11.04,3.04],"texture":"#voxels_palette"},"up":{"uv":[8.96,0.96,11.04,3.04],"texture":"#voxels_palette"},"north":{"uv":[8.96,0.96,11.04,3.04],"texture":"#voxels_palette"},"south":{"uv":[8.96,0.96,11.04,3.04],"texture":"#voxels_palette"},"west":{"uv":[8.96,0.96,11.04,3.04],"texture":"#voxels_palette"},"east":{"uv":[8.96,0.96,11.04,3.04],"texture":"#voxels_palette"}}},{"__comment":"Voxels-00442A","from":[5,10.5,14.5],"to":[7.5,11,15],"faces":{"down":{"uv":[8.96,0.96,11.04,3.04],"texture":"#voxels_palette"},"up":{"uv":[8.96,0.96,11.04,3.04],"texture":"#voxels_palette"},"north":{"uv":[8.96,0.96,11.04,3.04],"texture":"#voxels_palette"},"south":{"uv":[8.96,0.96,11.04,3.04],"texture":"#voxels_palette"},"west":{"uv":[8.96,0.96,11.04,3.04],"texture":"#voxels_palette"},"east":{"uv":[8.96,0.96,11.04,3.04],"texture":"#voxels_palette"}}},{"__comment":"Voxels-00442A","from":[5,11,7],"to":[8.5,11.5,8],"faces":{"down":{"uv":[8.96,0.96,11.04,3.04],"texture":"#voxels_palette"},"up":{"uv":[8.96,0.96,11.04,3.04],"texture":"#voxels_palette"},"north":{"uv":[8.96,0.96,11.04,3.04],"texture":"#voxels_palette"},"south":{"uv":[8.96,0.96,11.04,3.04],"texture":"#voxels_palette"},"west":{"uv":[8.96,0.96,11.04,3.04],"texture":"#voxels_palette"},"east":{"uv":[8.96,0.96,11.04,3.04],"texture":"#voxels_palette"}}},{"__comment":"Voxels-00442A","from":[5,11,13.5],"to":[5.5,11.5,15],"faces":{"down":{"uv":[8.96,0.96,11.04,3.04],"texture":"#voxels_palette"},"up":{"uv":[8.96,0.96,11.04,3.04],"texture":"#voxels_palette"},"north":{"uv":[8.96,0.96,11.04,3.04],"texture":"#voxels_palette"},"south":{"uv":[8.96,0.96,11.04,3.04],"texture":"#voxels_palette"},"west":{"uv":[8.96,0.96,11.04,3.04],"texture":"#voxels_palette"},"east":{"uv":[8.96,0.96,11.04,3.04],"texture":"#voxels_palette"}}},{"__comment":"Voxels-00442A","from":[5,11.5,8],"to":[7,12,8.5],"faces":{"down":{"uv":[8.96,0.96,11.04,3.04],"texture":"#voxels_palette"},"up":{"uv":[8.96,0.96,11.04,3.04],"texture":"#voxels_palette"},"north":{"uv":[8.96,0.96,11.04,3.04],"texture":"#voxels_palette"},"south":{"uv":[8.96,0.96,11.04,3.04],"texture":"#voxels_palette"},"west":{"uv":[8.96,0.96,11.04,3.04],"texture":"#voxels_palette"},"east":{"uv":[8.96,0.96,11.04,3.04],"texture":"#voxels_palette"}}},{"__comment":"Voxels-00442A","from":[5,11.5,11.5],"to":[7,12,13.5],"faces":{"down":{"uv":[8.96,0.96,11.04,3.04],"texture":"#voxels_palette"},"up":{"uv":[8.96,0.96,11.04,3.04],"texture":"#voxels_palette"},"north":{"uv":[8.96,0.96,11.04,3.04],"texture":"#voxels_palette"},"south":{"uv":[8.96,0.96,11.04,3.04],"texture":"#voxels_palette"},"west":{"uv":[8.96,0.96,11.04,3.04],"texture":"#voxels_palette"},"east":{"uv":[8.96,0.96,11.04,3.04],"texture":"#voxels_palette"}}},{"__comment":"Voxels-224400","from":[5,12.5,-0.5],"to":[7,13,0],"faces":{"down":{"uv":[4.96,0.96,7.04,3.04],"texture":"#voxels_palette"},"up":{"uv":[4.96,0.96,7.04,3.04],"texture":"#voxels_palette"},"north":{"uv":[4.96,0.96,7.04,3.04],"texture":"#voxels_palette"},"south":{"uv":[4.96,0.96,7.04,3.04],"texture":"#voxels_palette"},"west":{"uv":[4.96,0.96,7.04,3.04],"texture":"#voxels_palette"},"east":{"uv":[4.96,0.96,7.04,3.04],"texture":"#voxels_palette"}}},{"__comment":"Voxels-00442A","from":[5.5,11,14],"to":[7,11.5,15],"faces":{"down":{"uv":[8.96,0.96,11.04,3.04],"texture":"#voxels_palette"},"up":{"uv":[8.96,0.96,11.04,3.04],"texture":"#voxels_palette"},"north":{"uv":[8.96,0.96,11.04,3.04],"texture":"#voxels_palette"},"south":{"uv":[8.96,0.96,11.04,3.04],"texture":"#voxels_palette"},"west":{"uv":[8.96,0.96,11.04,3.04],"texture":"#voxels_palette"},"east":{"uv":[8.96,0.96,11.04,3.04],"texture":"#voxels_palette"}}},{"__comment":"Voxels-00442A","from":[5.5,11.5,13.5],"to":[6.5,12,14],"faces":{"down":{"uv":[8.96,0.96,11.04,3.04],"texture":"#voxels_palette"},"up":{"uv":[8.96,0.96,11.04,3.04],"texture":"#voxels_palette"},"north":{"uv":[8.96,0.96,11.04,3.04],"texture":"#voxels_palette"},"south":{"uv":[8.96,0.96,11.04,3.04],"texture":"#voxels_palette"},"west":{"uv":[8.96,0.96,11.04,3.04],"texture":"#voxels_palette"},"east":{"uv":[8.96,0.96,11.04,3.04],"texture":"#voxels_palette"}}},{"__comment":"Voxels-666666","from":[6,10,7],"to":[6.5,10.5,7.5],"faces":{"down":{"uv":[12.96,0.96,15.04,3.04],"texture":"#voxels_palette"},"up":{"uv":[12.96,0.96,15.04,3.04],"texture":"#voxels_palette"},"north":{"uv":[12.96,0.96,15.04,3.04],"texture":"#voxels_palette"},"south":{"uv":[12.96,0.96,15.04,3.04],"texture":"#voxels_palette"},"west":{"uv":[12.96,0.96,15.04,3.04],"texture":"#voxels_palette"},"east":{"uv":[12.96,0.96,15.04,3.04],"texture":"#voxels_palette"}}},{"__comment":"Voxels-666666","from":[6.5,9.5,7],"to":[7.5,10,7.5],"faces":{"down":{"uv":[12.96,0.96,15.04,3.04],"texture":"#voxels_palette"},"up":{"uv":[12.96,0.96,15.04,3.04],"texture":"#voxels_palette"},"north":{"uv":[12.96,0.96,15.04,3.04],"texture":"#voxels_palette"},"south":{"uv":[12.96,0.96,15.04,3.04],"texture":"#voxels_palette"},"west":{"uv":[12.96,0.96,15.04,3.04],"texture":"#voxels_palette"},"east":{"uv":[12.96,0.96,15.04,3.04],"texture":"#voxels_palette"}}},{"__comment":"Voxels-666666","from":[6.5,10,6.5],"to":[7.5,10.5,7],"faces":{"down":{"uv":[12.96,0.96,15.04,3.04],"texture":"#voxels_palette"},"up":{"uv":[12.96,0.96,15.04,3.04],"texture":"#voxels_palette"},"north":{"uv":[12.96,0.96,15.04,3.04],"texture":"#voxels_palette"},"south":{"uv":[12.96,0.96,15.04,3.04],"texture":"#voxels_palette"},"west":{"uv":[12.96,0.96,15.04,3.04],"texture":"#voxels_palette"},"east":{"uv":[12.96,0.96,15.04,3.04],"texture":"#voxels_palette"}}},{"__comment":"Voxels-666666","from":[6.5,10,7.5],"to":[7.5,10.5,8],"faces":{"down":{"uv":[12.96,0.96,15.04,3.04],"texture":"#voxels_palette"},"up":{"uv":[12.96,0.96,15.04,3.04],"texture":"#voxels_palette"},"north":{"uv":[12.96,0.96,15.04,3.04],"texture":"#voxels_palette"},"south":{"uv":[12.96,0.96,15.04,3.04],"texture":"#voxels_palette"},"west":{"uv":[12.96,0.96,15.04,3.04],"texture":"#voxels_palette"},"east":{"uv":[12.96,0.96,15.04,3.04],"texture":"#voxels_palette"}}},{"__comment":"Voxels-666666","from":[6.5,10.5,7],"to":[8,11,7.5],"faces":{"down":{"uv":[12.96,0.96,15.04,3.04],"texture":"#voxels_palette"},"up":{"uv":[12.96,0.96,15.04,3.04],"texture":"#voxels_palette"},"north":{"uv":[12.96,0.96,15.04,3.04],"texture":"#voxels_palette"},"south":{"uv":[12.96,0.96,15.04,3.04],"texture":"#voxels_palette"},"west":{"uv":[12.96,0.96,15.04,3.04],"texture":"#voxels_palette"},"east":{"uv":[12.96,0.96,15.04,3.04],"texture":"#voxels_palette"}}},{"__comment":"Voxels-666666","from":[6.5,11,8],"to":[7,11.5,8.5],"faces":{"down":{"uv":[12.96,0.96,15.04,3.04],"texture":"#voxels_palette"},"up":{"uv":[12.96,0.96,15.04,3.04],"texture":"#voxels_palette"},"north":{"uv":[12.96,0.96,15.04,3.04],"texture":"#voxels_palette"},"south":{"uv":[12.96,0.96,15.04,3.04],"texture":"#voxels_palette"},"west":{"uv":[12.96,0.96,15.04,3.04],"texture":"#voxels_palette"},"east":{"uv":[12.96,0.96,15.04,3.04],"texture":"#voxels_palette"}}},{"__comment":"Voxels-00442A","from":[6.5,11,13.5],"to":[7.5,11.5,14],"faces":{"down":{"uv":[8.96,0.96,11.04,3.04],"texture":"#voxels_palette"},"up":{"uv":[8.96,0.96,11.04,3.04],"texture":"#voxels_palette"},"north":{"uv":[8.96,0.96,11.04,3.04],"texture":"#voxels_palette"},"south":{"uv":[8.96,0.96,11.04,3.04],"texture":"#voxels_palette"},"west":{"uv":[8.96,0.96,11.04,3.04],"texture":"#voxels_palette"},"east":{"uv":[8.96,0.96,11.04,3.04],"texture":"#voxels_palette"}}},{"__comment":"Voxels-00442A","from":[7,8.5,14],"to":[7.5,11,14.5],"faces":{"down":{"uv":[8.96,0.96,11.04,3.04],"texture":"#voxels_palette"},"up":{"uv":[8.96,0.96,11.04,3.04],"texture":"#voxels_palette"},"north":{"uv":[8.96,0.96,11.04,3.04],"texture":"#voxels_palette"},"south":{"uv":[8.96,0.96,11.04,3.04],"texture":"#voxels_palette"},"west":{"uv":[8.96,0.96,11.04,3.04],"texture":"#voxels_palette"},"east":{"uv":[8.96,0.96,11.04,3.04],"texture":"#voxels_palette"}}},{"__comment":"Voxels-00442A","from":[7,8.5,14.5],"to":[7.5,10.5,15],"faces":{"down":{"uv":[8.96,0.96,11.04,3.04],"texture":"#voxels_palette"},"up":{"uv":[8.96,0.96,11.04,3.04],"texture":"#voxels_palette"},"north":{"uv":[8.96,0.96,11.04,3.04],"texture":"#voxels_palette"},"south":{"uv":[8.96,0.96,11.04,3.04],"texture":"#voxels_palette"},"west":{"uv":[8.96,0.96,11.04,3.04],"texture":"#voxels_palette"},"east":{"uv":[8.96,0.96,11.04,3.04],"texture":"#voxels_palette"}}},{"__comment":"Voxels-00442A","from":[7,11,6.5],"to":[8.5,11.5,7],"faces":{"down":{"uv":[8.96,0.96,11.04,3.04],"texture":"#voxels_palette"},"up":{"uv":[8.96,0.96,11.04,3.04],"texture":"#voxels_palette"},"north":{"uv":[8.96,0.96,11.04,3.04],"texture":"#voxels_palette"},"south":{"uv":[8.96,0.96,11.04,3.04],"texture":"#voxels_palette"},"west":{"uv":[8.96,0.96,11.04,3.04],"texture":"#voxels_palette"},"east":{"uv":[8.96,0.96,11.04,3.04],"texture":"#voxels_palette"}}},{"__comment":"Voxels-00442A","from":[7,11,8],"to":[8.5,11.5,8.5],"faces":{"down":{"uv":[8.96,0.96,11.04,3.04],"texture":"#voxels_palette"},"up":{"uv":[8.96,0.96,11.04,3.04],"texture":"#voxels_palette"},"north":{"uv":[8.96,0.96,11.04,3.04],"texture":"#voxels_palette"},"south":{"uv":[8.96,0.96,11.04,3.04],"texture":"#voxels_palette"},"west":{"uv":[8.96,0.96,11.04,3.04],"texture":"#voxels_palette"},"east":{"uv":[8.96,0.96,11.04,3.04],"texture":"#voxels_palette"}}},{"__comment":"Voxels-666666","from":[7,11,9],"to":[7.5,11.5,10],"faces":{"down":{"uv":[12.96,0.96,15.04,3.04],"texture":"#voxels_palette"},"up":{"uv":[12.96,0.96,15.04,3.04],"texture":"#voxels_palette"},"north":{"uv":[12.96,0.96,15.04,3.04],"texture":"#voxels_palette"},"south":{"uv":[12.96,0.96,15.04,3.04],"texture":"#voxels_palette"},"west":{"uv":[12.96,0.96,15.04,3.04],"texture":"#voxels_palette"},"east":{"uv":[12.96,0.96,15.04,3.04],"texture":"#voxels_palette"}}},{"__comment":"Voxels-00442A","from":[7,11,11.5],"to":[8,11.5,12],"faces":{"down":{"uv":[8.96,0.96,11.04,3.04],"texture":"#voxels_palette"},"up":{"uv":[8.96,0.96,11.04,3.04],"texture":"#voxels_palette"},"north":{"uv":[8.96,0.96,11.04,3.04],"texture":"#voxels_palette"},"south":{"uv":[8.96,0.96,11.04,3.04],"texture":"#voxels_palette"},"west":{"uv":[8.96,0.96,11.04,3.04],"texture":"#voxels_palette"},"east":{"uv":[8.96,0.96,11.04,3.04],"texture":"#voxels_palette"}}},{"__comment":"Voxels-00442A","from":[7,11,12],"to":[7.5,11.5,13.5],"faces":{"down":{"uv":[8.96,0.96,11.04,3.04],"texture":"#voxels_palette"},"up":{"uv":[8.96,0.96,11.04,3.04],"texture":"#voxels_palette"},"north":{"uv":[8.96,0.96,11.04,3.04],"texture":"#voxels_palette"},"south":{"uv":[8.96,0.96,11.04,3.04],"texture":"#voxels_palette"},"west":{"uv":[8.96,0.96,11.04,3.04],"texture":"#voxels_palette"},"east":{"uv":[8.96,0.96,11.04,3.04],"texture":"#voxels_palette"}}},{"__comment":"Voxels-00442A","from":[7.5,8.5,5],"to":[8,10.5,8],"faces":{"down":{"uv":[8.96,0.96,11.04,3.04],"texture":"#voxels_palette"},"up":{"uv":[8.96,0.96,11.04,3.04],"texture":"#voxels_palette"},"north":{"uv":[8.96,0.96,11.04,3.04],"texture":"#voxels_palette"},"south":{"uv":[8.96,0.96,11.04,3.04],"texture":"#voxels_palette"},"west":{"uv":[8.96,0.96,11.04,3.04],"texture":"#voxels_palette"},"east":{"uv":[8.96,0.96,11.04,3.04],"texture":"#voxels_palette"}}},{"__comment":"Voxels-00442A","from":[7.5,8.5,12],"to":[8,11,14],"faces":{"down":{"uv":[8.96,0.96,11.04,3.04],"texture":"#voxels_palette"},"up":{"uv":[8.96,0.96,11.04,3.04],"texture":"#voxels_palette"},"north":{"uv":[8.96,0.96,11.04,3.04],"texture":"#voxels_palette"},"south":{"uv":[8.96,0.96,11.04,3.04],"texture":"#voxels_palette"},"west":{"uv":[8.96,0.96,11.04,3.04],"texture":"#voxels_palette"},"east":{"uv":[8.96,0.96,11.04,3.04],"texture":"#voxels_palette"}}},{"__comment":"Voxels-00442A","from":[7.5,9,4.5],"to":[8,10,5],"faces":{"down":{"uv":[8.96,0.96,11.04,3.04],"texture":"#voxels_palette"},"up":{"uv":[8.96,0.96,11.04,3.04],"texture":"#voxels_palette"},"north":{"uv":[8.96,0.96,11.04,3.04],"texture":"#voxels_palette"},"south":{"uv":[8.96,0.96,11.04,3.04],"texture":"#voxels_palette"},"west":{"uv":[8.96,0.96,11.04,3.04],"texture":"#voxels_palette"},"east":{"uv":[8.96,0.96,11.04,3.04],"texture":"#voxels_palette"}}},{"__comment":"Voxels-00442A","from":[7.5,9,8],"to":[8,10,8.5],"faces":{"down":{"uv":[8.96,0.96,11.04,3.04],"texture":"#voxels_palette"},"up":{"uv":[8.96,0.96,11.04,3.04],"texture":"#voxels_palette"},"north":{"uv":[8.96,0.96,11.04,3.04],"texture":"#voxels_palette"},"south":{"uv":[8.96,0.96,11.04,3.04],"texture":"#voxels_palette"},"west":{"uv":[8.96,0.96,11.04,3.04],"texture":"#voxels_palette"},"east":{"uv":[8.96,0.96,11.04,3.04],"texture":"#voxels_palette"}}},{"__comment":"Voxels-224400","from":[7.5,11,3],"to":[8,11.5,3.5],"faces":{"down":{"uv":[4.96,0.96,7.04,3.04],"texture":"#voxels_palette"},"up":{"uv":[4.96,0.96,7.04,3.04],"texture":"#voxels_palette"},"north":{"uv":[4.96,0.96,7.04,3.04],"texture":"#voxels_palette"},"south":{"uv":[4.96,0.96,7.04,3.04],"texture":"#voxels_palette"},"west":{"uv":[4.96,0.96,7.04,3.04],"texture":"#voxels_palette"},"east":{"uv":[4.96,0.96,7.04,3.04],"texture":"#voxels_palette"}}},{"__comment":"Voxels-00442A","from":[7.5,11,5.5],"to":[8.5,11.5,6.5],"faces":{"down":{"uv":[8.96,0.96,11.04,3.04],"texture":"#voxels_palette"},"up":{"uv":[8.96,0.96,11.04,3.04],"texture":"#voxels_palette"},"north":{"uv":[8.96,0.96,11.04,3.04],"texture":"#voxels_palette"},"south":{"uv":[8.96,0.96,11.04,3.04],"texture":"#voxels_palette"},"west":{"uv":[8.96,0.96,11.04,3.04],"texture":"#voxels_palette"},"east":{"uv":[8.96,0.96,11.04,3.04],"texture":"#voxels_palette"}}},{"__comment":"Voxels-00442A","from":[7.5,11,8.5],"to":[8.5,11.5,10.5],"faces":{"down":{"uv":[8.96,0.96,11.04,3.04],"texture":"#voxels_palette"},"up":{"uv":[8.96,0.96,11.04,3.04],"texture":"#voxels_palette"},"north":{"uv":[8.96,0.96,11.04,3.04],"texture":"#voxels_palette"},"south":{"uv":[8.96,0.96,11.04,3.04],"texture":"#voxels_palette"},"west":{"uv":[8.96,0.96,11.04,3.04],"texture":"#voxels_palette"},"east":{"uv":[8.96,0.96,11.04,3.04],"texture":"#voxels_palette"}}},{"__comment":"Voxels-00442A","from":[7.5,11,10.5],"to":[8,11.5,11.5],"faces":{"down":{"uv":[8.96,0.96,11.04,3.04],"texture":"#voxels_palette"},"up":{"uv":[8.96,0.96,11.04,3.04],"texture":"#voxels_palette"},"north":{"uv":[8.96,0.96,11.04,3.04],"texture":"#voxels_palette"},"south":{"uv":[8.96,0.96,11.04,3.04],"texture":"#voxels_palette"},"west":{"uv":[8.96,0.96,11.04,3.04],"texture":"#voxels_palette"},"east":{"uv":[8.96,0.96,11.04,3.04],"texture":"#voxels_palette"}}},{"__comment":"Voxels-00442A","from":[8,8.5,3],"to":[8.5,11.5,4.5],"faces":{"down":{"uv":[8.96,0.96,11.04,3.04],"texture":"#voxels_palette"},"up":{"uv":[8.96,0.96,11.04,3.04],"texture":"#voxels_palette"},"north":{"uv":[8.96,0.96,11.04,3.04],"texture":"#voxels_palette"},"south":{"uv":[8.96,0.96,11.04,3.04],"texture":"#voxels_palette"},"west":{"uv":[8.96,0.96,11.04,3.04],"texture":"#voxels_palette"},"east":{"uv":[8.96,0.96,11.04,3.04],"texture":"#voxels_palette"}}},{"__comment":"Voxels-00442A","from":[8,8.5,4.5],"to":[8.5,9,5],"faces":{"down":{"uv":[8.96,0.96,11.04,3.04],"texture":"#voxels_palette"},"up":{"uv":[8.96,0.96,11.04,3.04],"texture":"#voxels_palette"},"north":{"uv":[8.96,0.96,11.04,3.04],"texture":"#voxels_palette"},"south":{"uv":[8.96,0.96,11.04,3.04],"texture":"#voxels_palette"},"west":{"uv":[8.96,0.96,11.04,3.04],"texture":"#voxels_palette"},"east":{"uv":[8.96,0.96,11.04,3.04],"texture":"#voxels_palette"}}},{"__comment":"Voxels-00442A","from":[8,8.5,8],"to":[8.5,9,12],"faces":{"down":{"uv":[8.96,0.96,11.04,3.04],"texture":"#voxels_palette"},"up":{"uv":[8.96,0.96,11.04,3.04],"texture":"#voxels_palette"},"north":{"uv":[8.96,0.96,11.04,3.04],"texture":"#voxels_palette"},"south":{"uv":[8.96,0.96,11.04,3.04],"texture":"#voxels_palette"},"west":{"uv":[8.96,0.96,11.04,3.04],"texture":"#voxels_palette"},"east":{"uv":[8.96,0.96,11.04,3.04],"texture":"#voxels_palette"}}},{"__comment":"Voxels-00442A","from":[8,9,8.5],"to":[8.5,11,12],"faces":{"down":{"uv":[8.96,0.96,11.04,3.04],"texture":"#voxels_palette"},"up":{"uv":[8.96,0.96,11.04,3.04],"texture":"#voxels_palette"},"north":{"uv":[8.96,0.96,11.04,3.04],"texture":"#voxels_palette"},"south":{"uv":[8.96,0.96,11.04,3.04],"texture":"#voxels_palette"},"west":{"uv":[8.96,0.96,11.04,3.04],"texture":"#voxels_palette"},"east":{"uv":[8.96,0.96,11.04,3.04],"texture":"#voxels_palette"}}},{"__comment":"Voxels-00442A","from":[8,10,4.5],"to":[8.5,11.5,5],"faces":{"down":{"uv":[8.96,0.96,11.04,3.04],"texture":"#voxels_palette"},"up":{"uv":[8.96,0.96,11.04,3.04],"texture":"#voxels_palette"},"north":{"uv":[8.96,0.96,11.04,3.04],"texture":"#voxels_palette"},"south":{"uv":[8.96,0.96,11.04,3.04],"texture":"#voxels_palette"},"west":{"uv":[8.96,0.96,11.04,3.04],"texture":"#voxels_palette"},"east":{"uv":[8.96,0.96,11.04,3.04],"texture":"#voxels_palette"}}},{"__comment":"Voxels-00442A","from":[8,10,8],"to":[8.5,11,8.5],"faces":{"down":{"uv":[8.96,0.96,11.04,3.04],"texture":"#voxels_palette"},"up":{"uv":[8.96,0.96,11.04,3.04],"texture":"#voxels_palette"},"north":{"uv":[8.96,0.96,11.04,3.04],"texture":"#voxels_palette"},"south":{"uv":[8.96,0.96,11.04,3.04],"texture":"#voxels_palette"},"west":{"uv":[8.96,0.96,11.04,3.04],"texture":"#voxels_palette"},"east":{"uv":[8.96,0.96,11.04,3.04],"texture":"#voxels_palette"}}},{"__comment":"Voxels-00442A","from":[8,10.5,5],"to":[8.5,11.5,5.5],"faces":{"down":{"uv":[8.96,0.96,11.04,3.04],"texture":"#voxels_palette"},"up":{"uv":[8.96,0.96,11.04,3.04],"texture":"#voxels_palette"},"north":{"uv":[8.96,0.96,11.04,3.04],"texture":"#voxels_palette"},"south":{"uv":[8.96,0.96,11.04,3.04],"texture":"#voxels_palette"},"west":{"uv":[8.96,0.96,11.04,3.04],"texture":"#voxels_palette"},"east":{"uv":[8.96,0.96,11.04,3.04],"texture":"#voxels_palette"}}},{"__comment":"Voxels-00442A","from":[8,10.5,5.5],"to":[8.5,11,8],"faces":{"down":{"uv":[8.96,0.96,11.04,3.04],"texture":"#voxels_palette"},"up":{"uv":[8.96,0.96,11.04,3.04],"texture":"#voxels_palette"},"north":{"uv":[8.96,0.96,11.04,3.04],"texture":"#voxels_palette"},"south":{"uv":[8.96,0.96,11.04,3.04],"texture":"#voxels_palette"},"west":{"uv":[8.96,0.96,11.04,3.04],"texture":"#voxels_palette"},"east":{"uv":[8.96,0.96,11.04,3.04],"texture":"#voxels_palette"}}}],"display":{"thirdperson_righthand":{"translation":[1,-1,0],"scale":[0.5,0.5,0.5]},"thirdperson_lefthand":{"translation":[-1,-1,0],"scale":[0.5,0.5,0.5]},"firstperson_righthand":{"rotation":[14,9,4],"translation":[3,0,0],"scale":[0.5,0.5,0.5]},"firstperson_lefthand":{"rotation":[14,9,4],"translation":[3,0,0],"scale":[0.5,0.5,0.5]},"gui":{"rotation":[60,-132,10],"translation":[-2,-1.5,0]},"fixed":{"rotation":[0,-90,0]}}}